,Label,RSP_Rate_Mean,RSP_Amplitude_Mean,RSP_Phase_Duration_Inspiration,RSP_Phase_Duration_Expiration,RSP_Phase_Duration_Ratio,RRV_RMSSD,RRV_MeanBB,RRV_SDBB,RRV_SDSD,RRV_CVBB,RRV_CVSD,RRV_MedianBB,RRV_MadBB,RRV_MCVBB,RRV_VLF,RRV_LF,RRV_HF,RRV_LFHF,RRV_LFn,RRV_HFn,RRV_SD1,RRV_SD2,RRV_SD2SD1,RRV_ApEn,RRV_SampEn,Condition,Participant
1,1,18.62308631430543,10.54152772835383,0.002334915422018683,0.004077453742109021,0.5726405668089742,676.7082657416539,3198.188679245283,674.3675400700608,683.3084132600563,0.21085921054201215,0.211591101592338,3134.0,767.9867999999999,0.24505003190810462,0.009238083298930885,0.009808141990278688,0.0009976390767593513,9.83135306020555,0.4893338834866218,0.04977279124145207,483.17201265800566,822.2456837127831,1.7017659594757562,0.31526269519429917,1.6094379124341005,Anxious,1
2,2,20.308897983976934,10.626076235788089,0.0021611345683751177,0.0037701367704398034,0.5732244478024631,522.7923784522321,2955.5625,459.2922281145759,531.2029602197606,0.15539926092396147,0.1768842237145153,2950.0,409.19759999999997,0.1387110508474576,0.009520807233794849,0.019406315829436974,0.0024636399425535067,7.877090923165814,0.5527189210470105,0.031049007166668273,375.6172153577606,529.915473580254,1.4107859062730403,0.055157883957733134,1.0986122886681098,Normal,1
3,3,16.436774991034458,10.044493604354601,0.0027933615491065574,0.0045136752223086446,0.618866314372928,640.2016781290449,3657.4814814814813,701.6933894929758,646.3278250815146,0.19185152215965598,0.17503893905423903,3527.0,726.4739999999999,0.20597504961723842,0.0060022758267061615,0.004944912585788268,0.000205699464503095,24.039501501540688,0.4433750827879291,0.01844360552815595,457.02278798469166,880.8390301178654,1.9273415971270338,0.33800615294414627,2.70805020110221,Anxious,1
4,4,14.538479686882187,11.395739506379071,0.0029671881809339934,0.005393473423552126,0.5501442109600332,701.1008151052005,4184.222222222223,447.1872295813618,722.529197456041,0.10687463663052355,0.1675582170042701,4202.0,575.2488,0.13689881009043312,0.009520807233794849,0.05082646582639605,0.002868777549107766,17.71711642201183,0.5527189210470105,0.031049007166668273,510.90529512644054,372.73129196925754,0.7295506535648897,0.020922105308264438,1.466337068793427,Normal,1
5,5,16.631707237844,10.155181843330924,0.00284401915164412,0.004375288722482982,0.6500186232350251,771.4780294992204,3618.0246913580245,726.3831285091334,776.3419215229356,0.20076787486944586,0.2132318309883193,3510.0,711.6479999999999,0.20274871794871793,0.010182991918382662,0.006341236895251168,0.00024075322061248235,26.33915708009596,0.37824298781219934,0.014360481873508054,548.9566372282624,868.2807778642058,1.581692831419697,0.5327618776973835,2.151762203259462,Normal,1
6,6,16.224179116225535,10.446932575396719,0.00300109987501574,0.004454042218409651,0.6737924177304511,757.7863472959566,3746.109090909091,647.0329338669072,764.6642046754573,0.17272132715971916,0.2022862465844688,3676.0,723.5088,0.1968195865070729,0.006515012247205039,0.024109052100358304,0.0011435839121021986,21.08201404830864,0.75891837832292,0.03599838120702733,540.699244456634,738.2056367035274,1.3652795787524612,0.4083919040001245,2.351375257163478,Normal,1
7,7,17.004518708640774,11.364452180227408,0.002541174620276638,0.004551448576734437,0.5583221643470427,822.4273858397793,3548.8264462809916,727.6461074732199,824.1389800075661,0.20503851582704472,0.23174629649800027,3498.0,742.7826,0.21234493996569467,0.01629284727596228,0.012298674855613305,0.0003876858683783434,31.723299348149066,0.42439651406735673,0.013378069834722872,582.7542614035145,848.1363016979651,1.4553927064476548,1.100539400860038,2.1658740474521436,Anxious,1
8,8,13.277662494400301,10.804880860246508,0.0037063173821616255,0.005389981495362023,0.6876308175363572,1108.483669934577,4551.954022988506,916.5978031531906,1114.9777521045423,0.20136358990537745,0.2435182043439932,4352.0,667.17,0.1533019301470588,0.009169762873825732,0.003925266530946393,3.9686754604930584e-05,98.90621115334856,0.2988466962907372,0.003021515967560339,788.4083293852552,1028.9389542856568,1.3050838200656127,0.5732340162048097,1.247457916265675,Anxious,1
1,1,12.452994130463056,0.42303384759598267,0.005940296074793055,0.0038364880408994573,1.5483681980669914,1873.4561958175213,4886.057142857143,1198.2959946341732,1901.3103277915588,0.24524805167003522,0.3834290392113609,4702.0,981.4812,0.20873696299447042,0.009674674964782307,0.028945778041000524,0.00040144425994190414,72.10410243551489,0.741782949298709,0.01028766636353473,1344.4294259214287,1031.666661392711,0.7673639400488722,0.2624889956489067,1.466337068793427,Anxious,2
2,2,16.99431820090183,0.2990218694581296,0.004080543973693328,0.003220065051819224,1.2672240802675596,1589.3522705806918,3575.923076923077,1190.8446052471136,1622.0932443399588,0.33301739987980455,0.4444593008270913,3401.0,596.0052,0.17524410467509555,0.009520807233794849,0.0413353469056919,0.003206439647035989,12.89135348108049,0.5527189210470105,0.031049007166668273,1146.9931327896722,1233.1376650746017,1.0751046626368304,0.21582314273197012,1.791759469228055,Normal,2
3,3,16.58678638345529,0.3377596730579037,0.004168116176257673,0.0030991424155799533,1.3449256656627955,896.1191800791122,3637.5925925925926,597.9476066692245,904.4412928707077,0.16438003746952157,0.24634951750889406,3625.0,471.4668,0.13005980689655172,0.00816307387085227,0.06381074992696333,0.003567727287462644,17.885545835075675,0.8447106130363657,0.04722867397089935,639.5365713740056,553.2410455832869,0.8650655339297987,0.3520876094669463,1.9459101490553135,Anxious,2
4,4,20.276723168052985,0.29864485789048706,0.0030223185017792644,0.0029220758980752753,1.0343052703627642,881.1707174738236,2967.68,522.4269263096355,900.1184100849804,0.1760388338060827,0.2969224166600926,2808.0,453.6756,0.1615653846153846,0.009520807233794849,0.06530259532236712,0.01985924386989707,3.2882719881069464,0.5527189210470105,0.031049007166668273,636.4798316419433,375.1709084933294,0.5894466561893901,0.07296491567452845,1.466337068793427,Normal,2
5,5,16.690886542698216,0.2269856133011464,0.0037617753318204133,0.003544813994258099,1.0612052812682835,976.1503826871417,3652.3,873.2966262778956,981.3592207524182,0.2391086784431442,0.2672700442699509,3611.0,492.22319999999996,0.1363121572971476,0.0015679663409424176,0.00543517231513546,0.0009026528433230891,6.021331850156299,0.687492494021287,0.11417615091309763,693.925759773981,1021.6462376276888,1.4722702295422063,0.7206667320762561,1.749199854809259,Normal,2
6,6,17.704522969886355,0.20545456073846863,0.004045612117526097,0.0028292268173158047,1.4299355897397874,1380.9435487179635,3435.5666666666666,1070.2773340360957,1392.7127593025134,0.31152861751174354,0.40195510164784953,3431.0,1046.7156,0.3050759545322064,0.006398326870841656,0.018809251349354246,0.0015569822767758244,12.08058153899103,0.7027670546461026,0.05817328018339734,984.7966363478351,1149.4184305729632,1.1671632377174193,0.4061456052990664,2.3513752571634776,Normal,2
7,7,18.942504746418702,0.19290186900775846,0.003405437559041913,0.0031358399753505777,1.0859730043020435,2216.646194702804,3279.793893129771,1781.8298494888936,2220.8907240682247,0.5432749457889159,0.6758492353272696,3147.0,864.3557999999999,0.27466024785510007,0.009660277131972487,0.0019881628134298278,0.00016719821563051151,11.891052819746802,0.16826537731890384,0.014150586989191992,1570.4068912629432,1970.6997287595807,1.2548975298845744,1.0972560363858963,1.3961052316841498,Anxious,2
8,8,17.204699892574613,0.28397289528113373,0.004381095979553974,0.0029388770797064995,1.4907380814959115,2130.9126911246885,3668.222222222222,1935.2802078422762,2140.8337161433947,0.5275798712843184,0.5809115593421639,3498.0,1994.097,0.5700677530017153,0.012818276890378483,0.008393821671983465,0.000504233026332771,16.646711408474705,0.3865211597870975,0.023219070139602636,1513.7980380777908,2280.139132957443,1.5062373418403596,0.7452991279904038,1.7047480922384248,Anxious,2
1,1,10.26861531812603,0.3291439490824126,0.007678372968523994,0.004038528650991728,1.9012798056139681,2542.3152469382735,5890.642857142857,2225.6929376960456,2587.1314874457644,0.377835321487403,0.4315853648902719,5222.0,1285.4142,0.24615361930294904,0.015228723507057843,0.0056254462152601605,6.0169972706598305e-05,93.49258379575878,0.2689755592235322,0.0028769721437063773,1829.3782185941393,2561.4045832615825,1.4001503665163342,0.3932156992651499,1.7047480922384253,Anxious,3
2,2,14.243656685404071,0.3672650100493557,0.004081537000747492,0.004375914489269436,0.9327277785606157,1546.0965287427807,4251.181818181818,1192.863007995535,1584.2462290583856,0.2805956223499537,0.3636862865122124,4449.0,400.30199999999996,0.08997572488199594,0.009520807233794849,0.05386712446682961,0.005093330459004173,10.576012080975694,0.5527189210470105,0.031049007166668273,1120.2312516364009,1261.3192516351498,1.1259454240297722,0.39292711770489497,1.466337068793427,Normal,3
3,3,11.587037021606065,0.2637760640956649,0.0063173611090256735,0.004135620721315103,1.5275484708899492,1454.3299717281036,5243.513513513513,1469.9952687305122,1474.9213538355189,0.28034547158924256,0.2773579143030763,5126.0,738.3348,0.14403722200546235,0.010298939240936635,0.004604690208891596,0.0001245687127028383,36.9650621651377,0.30640334650179163,0.008288998544976483,1042.9268910139388,1798.3536026544339,1.7243333335724669,0.3982313945290108,1.7346010553881064,Anxious,3
4,4,11.362095822513927,0.44687635167281187,0.007337047715525075,0.00311928102028624,2.3521598944784374,2356.7439076305777,5157.714285714285,1498.4596926675906,2452.737465959836,0.2905278597571775,0.45693572328312776,4836.0,644.9309999999999,0.13336042183622826,0.009520807233794849,0.023670352216964313,0.0006333553063862795,37.37294371467366,0.5527189210470105,0.031049007166668273,1734.3472946505087,1217.7037253114413,0.7021106609197455,0.026595320104917164,1.466337068793427,Normal,3
5,5,12.911040338544975,0.3796965404125184,0.005186099439357581,0.00422898085893796,1.2263236964992994,1532.3196601830855,4722.322580645161,1610.834798076721,1544.9323220715594,0.3411107078281488,0.3244843260948389,4779.0,974.0681999999999,0.2038225988700565,0.0027026057773658105,0.0028177166342319556,9.504728173865083e-05,29.645420496924487,0.5017864874641561,0.016926273233878165,1092.432121411079,1999.042159009917,1.8299005675774005,0.5306950906620105,1.7272209480904837,Normal,3
6,6,13.602175860763724,0.36575975063630517,0.004506390540689238,0.004533695147326765,0.9939774056811854,2048.053044412491,4538.0,1584.254169231463,2070.9460493001866,0.3491084550972814,0.4513118211574462,4674.0,1008.1679999999999,0.21569704749679072,0.011037297266858231,0.017640566704960458,0.00019629407270708212,89.86805593098279,0.6109465314194649,0.006798261352049964,1464.3799949316522,1695.6750207214,1.1579474088626451,0.41813114729125367,2.1972245773362196,Normal,3
7,7,12.785721288192418,0.30540788312567463,0.004461689909959797,0.005042464738128188,0.8848232246867471,1644.8263904584592,4752.544444444445,1322.9856843211433,1649.0824418083942,0.27837418456289587,0.34609384713512836,4574.0,628.6224,0.137433843463052,0.01769376174506307,0.007850182010369614,0.00014201108268314358,55.278657567064755,0.30562157645471666,0.005528744544563744,1166.0773773383858,1463.1629409935858,1.2547734562292159,1.0477787983807563,1.583758898016409,Anxious,3
8,8,11.396125479157709,0.2929178945626407,0.005841149205746036,0.004798132098768606,1.2173798231284858,1727.3697004960404,5343.918918918919,1447.4753245750373,1735.601020126875,0.270864013196492,0.3232402524635402,5199.0,1189.0452,0.2287065204847086,0.005672959968002019,0.007943907918034806,0.0003412032060958661,23.28204359194341,0.5691264835663647,0.024444868051157975,1227.255250766003,1638.3571588559362,1.3349766952175108,0.547913551399847,1.754019141245208,Anxious,3
1,1,10.894231320313361,1.1926918094341457,0.0028092819236582205,0.007615961545017554,0.3688676612995878,1125.7808549328474,5314.645161290323,1702.521454556684,1137.5934045268496,0.32034527289933595,0.21182615598357715,4718.0,1266.1404,0.26836379821958456,0.0008876085504900111,0.0009286594544769879,1.4084124865144062e-05,65.93661042975204,0.5073665549601939,0.00769476246433285,804.4000105740266,2269.3830063345677,2.821212054329931,0.2997519943568734,1.9459101490553132,Anxious,4
2,2,13.019163304999104,0.6397989016015219,0.003748675730822844,0.005529311703266732,0.6779642624611155,1145.8798504114413,4642.9,1266.770859518925,1175.2240945941417,0.27284043583082235,0.24680261267988574,4678.0,1011.1332,0.216146472851646,0.009520807233794849,0.009556059402259622,0.0005869583502997131,16.28064307694081,0.5527189210470105,0.031049007166668273,831.0089267013382,1587.08568917854,1.9098298925360802,0.3018050297194108,1.466337068793427,Normal,4
3,3,10.98652714885249,0.910458197225759,0.004484045293386799,0.006472408235003819,0.6927939540550555,2290.8788574243595,5586.235294117647,1668.4493809817532,2326.3982940862197,0.2986715190351263,0.4100935132175106,5605.0,1301.7228,0.23224314005352364,0.005066883002681758,0.03126592670718088,0.0018440556803758763,16.954979743782957,0.8189757432304879,0.04830296205637105,1645.012009489182,1691.5620480588805,1.0282976891969036,0.21566023872690998,1.2039728043259361,Anxious,4
4,4,12.90566932374336,0.5476253896635688,0.002871574586352893,0.006700974051274057,0.42853092168099355,1064.6168995733362,4800.133333333333,1146.3157048728308,1072.9733976608702,0.2388091382613325,0.22178902660481714,4872.0,560.4227999999999,0.11502931034482758,0.009520807233794849,0.005237907007018597,9.910401643382104e-05,52.85262086745322,0.5527189210470105,0.031049007166668273,758.7067655187714,1432.635136534154,1.8882593402927932,0.12393407943483359,1.466337068793427,Normal,4
5,5,13.252203435510843,0.42455469565248677,0.0027223308321941554,0.006479043629923432,0.42017479549313164,1517.5938935718118,4595.523809523809,1144.2756105113226,1529.854845303838,0.24899786356017012,0.3302330607942309,4632.0,634.5527999999999,0.13699326424870464,0.006338684951350619,0.01963234594121675,0.0020016246818910215,9.80820536378939,0.701840620350071,0.07155647688018184,1081.7707353454405,1203.5387080490202,1.1125635670525842,0.4809893968401875,0.9162907318741553,Normal,4
6,6,10.882579158555712,0.7013782555982598,0.0042187426907850795,0.007245957570951176,0.5822201757981431,2355.2186431715545,5736.166666666667,2101.0844750815163,2385.3570202981596,0.36628720837054646,0.4105910410270891,5305.0,2263.9302,0.42675404335532513,0.007897445356408257,0.008781729955391941,0.0007441092676055865,11.801667225097212,0.5040226436852149,0.04270774917406326,1686.7021246037657,2446.251803415643,1.4503164297550808,0.3668846104415091,1.9459101490553135,Normal,4
7,7,15.231795714374652,0.3798249883747537,0.0023666150147956294,0.005737175216073309,0.4125052705668296,1622.455095182966,4055.885714285714,1186.9386081864363,1626.2792138878672,0.2926459697830685,0.4000248551058343,3961.0,584.1444,0.14747397121938904,0.017890630189455366,0.018191657115913945,0.001449157131358963,12.553267497538048,0.48470442288950616,0.038611813456900096,1149.9530602428385,1222.8059856106527,1.063352955774064,0.9030355395693883,1.34223437132586,Anxious,4
8,8,13.38261973243399,0.5117626618592901,0.004443252985495703,0.005568129106468316,0.7979795188897685,4212.164030303404,5001.923076923077,2896.1242967210405,4239.563477832366,0.5790021662033606,0.8421089180152902,4804.0,2557.4849999999997,0.5323657368859284,0.014588988479273448,0.016132338423797105,0.0010274422407431192,15.701455307238538,0.5081248457450998,0.032361640102930384,2997.824084446089,2790.7208106205917,0.9309154680222793,0.4544176324552418,1.749199854809259,Anxious,4
1,1,13.211357986502227,5.3407651634379025,0.0029918234716782063,0.006163017402709724,0.4854478376716536,1645.34646807291,4593.8378378378375,1104.2920686906036,1668.675789979435,0.24038551374080636,0.358163811208303,4520.0,1123.8108,0.24863070796460177,0.0052741071451842874,0.027389355123657262,0.0008617632790648553,31.782922049520252,0.8169775050288269,0.025704921144629585,1179.9319666962776,1023.0750216451381,0.8670627210055785,0.12476159620446614,1.3862943611198906,Anxious,5
2,2,11.666032475567754,5.236077474560313,0.0029189478575324724,0.007443039253318248,0.3921714985220789,2650.508253146932,4951.294117647059,1976.6377944854328,2735.1280165042854,0.3992163962630371,0.5353162607933499,4332.0,794.6736,0.18344265927977838,0.009520807233794849,0.018550536495766826,0.0003182242010717326,58.293921182899766,0.5527189210470105,0.031049007166668273,1934.0275678834914,2018.3486586422919,1.0435987015692219,0.2762588426377355,1.3862943611198906,Normal,5
3,3,14.18670611021215,5.002313727717262,0.0027153317754197792,0.005765710413412169,0.47094487595204,984.9014717680693,4260.8,694.915874568478,996.2573302496248,0.1630951639524216,0.2311541193597609,4070.0000000000005,590.0747999999993,0.14498152334152314,0.009343584439278473,0.03186020261301918,0.0009508074252777978,33.508575728371675,0.7557943092055488,0.02255525019422471,704.4603140263155,685.2385069568772,0.9727141377779299,0.3512294203353763,1.466337068793427,Anxious,5
4,4,13.48399572693131,5.295552723129791,0.003468090080261826,0.0056123957765136755,0.6179339836963786,3436.6463497621244,4583.375,2535.2135182925585,3557.2368463390767,0.5531324664232271,0.7498069326123489,3907.0,403.2672,0.10321658561556181,0.009520807233794849,0.002516666828821071,3.388162891085195e-05,74.27821240362525,0.5527189210470105,0.031049007166668273,2515.34629633301,2554.9262565073136,1.015735392073849,0.3417824882207514,0.6931471805599453,Normal,5
5,5,13.61773948274189,4.1500045663459435,0.003296022195435665,0.005577067859042827,0.590995533628194,1423.0786128888096,4440.515151515152,1524.432497104558,1423.127448479364,0.34330082098344045,0.32047601783393076,4171.0,644.9309999999999,0.15462263246223926,0.0017813903829643843,0.004373646338803527,0.00013905971355198564,31.451570171460887,0.6948807320873591,0.022093673807035967,1006.3030693124673,1906.6051004728756,1.8946629088347293,0.7537995474816306,1.042417730324468,Normal,5
6,6,12.771150124706514,3.554579202075306,0.0033621227775532583,0.006136239981593972,0.5479125307416515,2273.79921798758,4753.136363636364,1912.6276773421705,2300.643480691689,0.4023927636443664,0.4783787049290589,4404.0,1113.4325999999999,0.25282302452316074,0.009197515375689483,0.00204142420639115,1.365101402068668e-05,149.54377772212274,0.18141815335381,0.001213144111491654,1626.8006062897152,2160.974097865596,1.328358306181225,0.6009275148606239,1.244324099849503,Normal,5
7,7,13.804412187556972,4.610267708970216,0.003225129931879663,0.005557305201671901,0.5803406174110054,1682.4363592994487,4395.323076923077,1523.6791586775814,1686.7839699289702,0.3466591947876162,0.38277876958187784,4070.0000000000005,842.1167999999993,0.20690830466830448,0.012607858830369365,0.0022224998961815124,6.662297434017142e-05,33.35936166454549,0.14919128859831893,0.004472246504551082,1192.7363835335402,1794.596410497964,1.504604399826711,1.0299293833431666,1.4416139307066322,Anxious,5
8,8,11.773086404060402,4.141685579439031,0.004255327943306387,0.005996766825939391,0.70960370259849,2655.769313899204,5132.453333333333,2246.938278980878,2673.851223986078,0.4377902989176478,0.5174463636427032,4446.0,1197.9407999999999,0.2694423751686909,0.018452318277597028,0.0035352378011416197,0.00012364101185137686,28.592760186977163,0.159884504970838,0.00559178281233789,1890.6983323645059,2553.962230553376,1.3508036617133907,0.7507557429259633,1.2582424342599938,Anxious,5
1,1,28.061706889682668,2.666600826737657,0.0030272235894572494,0.001663045925276179,1.8202886303061798,1591.451857172761,2349.108108108108,1123.485727516535,1602.3883444386051,0.47826054647665933,0.6774706756490924,2503.0,1011.1332,0.4039685177786656,0.00441948958111537,0.018928227330478244,0.015013189431795873,1.2607732298635264,0.4934249248712039,0.39136691133949214,1133.059664446823,1113.8295007182962,0.9830281102293803,0.7067416626011895,1.5163474893680884,Anxious,6
2,2,22.061906056459595,2.339749753393728,0.003501785028846182,0.00215157287788345,1.627546556680416,1302.429524644872,2846.764705882353,992.9608023886008,1322.5992344049216,0.348803257373824,0.4575121793359401,3042.0,656.7918,0.21590788954635107,0.009520807233794849,0.03115098878984767,0.008594643448342602,3.62446551472183,0.5527189210470105,0.031049007166668273,935.2188874398562,1047.5246740464806,1.1200850283446042,0.30240765009188664,2.3025850929940455,Normal,6
3,3,18.127277998805774,2.0572358775018604,0.003836249276308478,0.0030012934739904345,1.2781986531986524,1251.339054202109,3422.7368421052633,824.2747142253473,1262.643049372969,0.24082328038937137,0.3655960454828403,3524.0,361.7544,0.10265448354143018,0.011557232267637631,0.04731839394525309,0.010771889429173745,4.392766399653124,0.6793981595615532,0.15466293851073032,892.8234624296871,749.4824040346919,0.8394519583917366,0.5034096872481206,1.0986122886681096,Anxious,6
4,4,18.463491251174936,1.9431705627699558,0.004346199844829397,0.0021635344565697342,2.008842443729905,468.2549163294142,3257.7272727272725,338.3575429036965,479.8123045723689,0.10386306605108586,0.1437366842367394,3277.0,443.2974,0.135275373817516,0.009520807233794849,0.05327136641057577,0.0025922801251921936,20.550003795066782,0.5527189210470105,0.031049007166668273,339.2785342598671,337.43403780610197,0.9945634743506868,0.2119652037555002,1.6094379124341003,Normal,6
5,5,17.13666452881125,1.9523399085174082,0.0042453619216291025,0.0027610185927177964,1.5376071471689001,621.661659998584,3508.0481927710844,474.82289133627285,625.4826828700457,0.13535244251054596,0.17721012535677846,3540.0,370.65,0.10470338983050846,0.005971209915399317,0.01985414542745661,0.0009397262593518826,21.12758394252999,0.7417928225490212,0.035110158575954654,442.2830465721641,505.27147454484395,1.1424165553277712,0.37635509488174,1.6094379124341005,Normal,6
6,6,18.15095458688911,1.4853997234380054,0.0035431446954210183,0.0030638415411520506,1.1564386238097493,479.53001184291327,3310.9523809523807,392.40513250776064,483.29965369506135,0.11851729875827663,0.14483144324322134,3286.0,308.38079999999997,0.09384686548995738,0.014503409348379116,0.023463884347844396,0.0006761043734910044,34.704529755798994,0.6071899863856289,0.01749598656596607,341.74446247288796,437.23483210510943,1.2794203860429696,0.4915427124073988,1.6094379124341005,Normal,6
7,7,17.7607849913289,1.570700035241164,0.0026222423045613188,0.004148057055092348,0.6321615806470482,594.6184717818031,3389.691699604743,431.83320905958936,595.7685871080175,0.12739601336308654,0.17541963236690197,3406.0,252.04199999999997,0.07399941280093951,0.016103964508838452,0.016060328144999827,0.0008589378840195681,18.697892413177044,0.48633425268882335,0.026010110762327787,421.27200796200754,442.14221264324476,1.0495409243595397,1.1324940385807407,1.6764858451770974,Anxious,6
8,8,14.160397248536924,1.3805611163821168,0.0038379532557003427,0.004738397318360215,0.8099686450583501,2268.5788307024095,4292.153846153846,1811.4171549926618,2281.2867067079155,0.4220298758898994,0.5285408939232826,3728.0,477.3972,0.1280571888412017,0.004524308632149416,0.0015981447832615593,2.894971770832151e-05,55.204157752535785,0.25980166616899336,0.004706197445011458,1613.1133001438936,1990.0577126561668,1.2336751004896238,0.6452698773983827,0.7888223904833082,Anxious,6
1,1,18.875515329977386,1.0476349300002858,0.0024611188763508673,0.0039458966915869795,0.6237159937811354,835.451883148637,3203.5925925925926,642.3684218406578,842.0949237868818,0.20051501658667653,0.26078593298048713,3000.0,382.51079999999996,0.1275036,0.005599278509115635,0.026377971033272087,0.0026003091588882882,10.144167259153706,0.7628638927680763,0.07520221949019001,595.4510310124731,686.0848696934639,1.152210398438444,0.5756246427776719,1.69644928942373,Anxious,7
2,2,16.05995318842617,0.5942723305290312,0.002871750322850347,0.004808577142972584,0.5972141524332659,2573.046087163358,3857.28,1717.8740621283425,2628.3066778352986,0.4453589218642003,0.6670623048270693,3276.0,613.7964,0.18736153846153844,0.009520807233794849,0.036252803366087195,0.0014107591104386835,25.697373206978035,0.5527189210470105,0.031049007166668273,1858.4934749352262,1564.6675654239955,0.8419010271093519,0.39988756587910723,0.8938178760220967,Normal,7
3,3,17.156970350441192,1.1547491684299502,0.00294978418176473,0.004035826480209756,0.7308996549354668,931.2355819506196,3501.9285714285716,647.8339814585737,939.818533956251,0.18499348808656518,0.2659207813512692,3422.0,425.5062,0.12434430157802454,0.014218944075891474,0.037590751804558294,0.0035584226758976446,10.56388046849316,0.6789241315162746,0.06426844127412934,664.5520584452647,630.6728919821247,0.9490195447706519,0.585967829887307,1.7272209480904839,Anxious,7
4,4,16.776241265509107,0.9909411082550003,0.0030825562568724705,0.004187908776851346,0.7360609844014013,1822.2868224178912,3652.6,1391.33833336638,1872.2156870797146,0.38091724617159833,0.4989012819410533,3305.0,424.0236,0.12829760968229953,0.009520807233794849,0.012116332555167895,0.00022734869267960646,53.294049824350495,0.5527189210470105,0.031049007166668273,1323.8564081778975,1455.6953411740344,1.0995870338971239,0.47957328563514734,0.9162907318741549,Normal,7
5,5,16.92046997112941,1.5305947364485801,0.003015875730614227,0.004111690338752839,0.7334880504471563,1230.2928860096094,3567.759036144578,877.0265394983355,1237.8495082191914,0.2458200037091281,0.3448363170117842,3460.0,299.48519999999996,0.08655641618497109,0.01992118012031194,0.01699293923982033,0.0007306127932404992,23.25847479956005,0.45140284623589366,0.019408101783373696,875.2917813502232,878.7578730626565,1.0039599271766113,0.8997679385492883,1.322668665239679,Normal,7
6,6,18.160469498724545,1.5126040450561238,0.0028468206348754984,0.003763845200067344,0.7563596491228073,561.9576955722763,3309.3015873015875,398.41883598596036,566.4953713994742,0.12039363154895533,0.16981156922312962,3308.0,370.65,0.112046553808948,0.01435168522613511,0.020798929761658008,0.002479596263630626,8.388030772075856,0.5527189210470105,0.06589376411052729,400.57271862735996,396.2532458268337,0.9892167574084232,0.3278569176675785,0.9614111671546246,Normal,7
7,7,17.8784876030524,1.1082057001809027,0.0027042093992677525,0.004021687762434647,0.6724066011605734,651.5920055773271,3367.050980392157,510.44870772442846,652.859486325733,0.1516011223759306,0.19352008905473622,3300.0,391.40639999999996,0.11860799999999999,0.010913635264706735,0.015981207083029653,0.0012891928726288975,12.396288734082962,0.5670304822597552,0.04574195506601374,461.64136994289186,554.9801906305557,1.2021890297639715,1.0997231203989566,1.9489450527504673,Anxious,7
8,8,15.157769821047934,1.958868624341448,0.0032741363706818493,0.004690983454917274,0.6979637430291447,912.5338017815775,3986.54,947.940707134378,917.1699100989575,0.2377853244002012,0.22890371143437102,3942.0,735.3696,0.18654733637747337,0.006326725922891837,0.0030408061650570315,9.398063659889745e-05,32.355666817144176,0.32138689167195233,0.009932939830548023,648.537062931229,1173.278673840697,1.8091158407165877,0.686053571449885,1.6266797188686064,Anxious,7
1,1,18.63061789959356,1.314268689717117,0.0033169607696591006,0.003365396733710741,0.9856076510782625,2571.4775488644123,3364.6153846153848,1806.7650015259496,2597.005484603146,0.5369900553232132,0.7642708764343246,2751.0,394.3716,0.1433557251908397,0.012653271689596094,0.016144025027853882,0.0007908716882954,20.412951009347417,0.5456243457340558,0.02672932225645404,1836.3601889415406,1776.676897454548,0.9674991366909378,0.5978557397414059,0.7767613206010788,Anxious,8
2,2,21.25144547307454,1.613126004368697,0.0027667617765302454,0.003039120219897491,0.9103824713533603,1349.4660672527734,2906.8823529411766,889.2409008132411,1370.38395692373,0.30590880291853206,0.46423140100162186,2667.0,612.3138,0.22958897637795275,0.009520807233794849,0.03891648531380478,0.003966641251112174,9.810941512014303,0.5527189210470105,0.031049007166668273,969.0077887700231,801.5751147966853,0.8272122516312662,0.309988208955414,1.1631508098056809,Normal,8
3,3,18.501564818568443,1.8658429739735964,0.0029932302346488337,0.0033350500808171754,0.8975068326156629,1476.8191884094128,3170.9,937.433815968911,1489.4953208819693,0.29563651202148,0.46574133161229075,3063.0,603.4182,0.19700235063663074,0.004107896213940181,0.013502673726104236,0.002159962386820679,6.251346694040943,0.6829696592314912,0.10925160491938926,1053.232241941273,805.1497768610681,0.7644560665718418,0.7320586703463103,1.4350845252893225,Anxious,8
4,4,21.045488800334386,2.048379903760867,0.0027622255922731243,0.0030062319301000823,0.9188331627430906,878.526857870606,2888.153846153846,560.4458005771971,896.6322769117784,0.1940498430592756,0.30418284643684756,2663.0,505.5666,0.1898485167104769,0.009520807233794849,0.07647281745337649,0.016040871079867035,4.767373110389114,0.5527189210470105,0.031049007166668273,634.0147632350528,475.6303930251208,0.7501881984549104,0.23412638710185707,2.0794415416798357,Normal,8
5,5,14.268791478732338,1.6153531246642314,0.0037928134196189888,0.00506657957292642,0.7485944639823918,3673.902724728736,4433.666666666667,2750.0824845438488,3701.951293418939,0.6202727203692614,0.8286375591448919,3357.0,1070.4371999999996,0.31886720285969605,0.012166121010988275,0.006129289633048698,0.0005009012722544509,12.236522389855509,0.32609001491065,0.026648912535884348,2617.674863198842,2876.401511292653,1.0988383438031883,0.653791584190623,1.36031887471663,Normal,8
6,6,17.89107790182161,1.607473005928333,0.0031168820029216344,0.003743773190919845,0.832550970363623,1476.6189276949956,3428.4,1249.5331629947757,1489.2616757920855,0.3644653958099334,0.4307020556804911,3086.0,888.0773999999999,0.2877762151652624,0.008136878166669467,0.007758769770600737,0.0006509341976495435,11.919437937992592,0.4689046781586817,0.03933949575458355,1053.0670299138253,1419.0546435412316,1.347544461303053,0.49017579350876206,1.5163474893680886,Normal,8
7,7,18.8486705536061,1.1667246071006752,0.0027497206655766188,0.0036468998472523623,0.7539885329311432,1476.1654813407224,3202.0,1194.233035632588,1478.956664373348,0.37296472068475583,0.46101357943183086,3021.0,547.0794,0.18109215491559086,0.013044324343491318,0.0035493588055008633,0.00035081328888501894,10.117515265119236,0.20946971298401865,0.020703671553249692,1045.7802864594312,1326.1706825462861,1.268115970168206,0.9145356095993624,0.9469344414928884,Anxious,8
8,8,16.433998765694472,1.3916218794121948,0.003311642726437931,0.0041723227484062,0.7937168158199068,2501.7314461331434,3739.0377358490564,1869.7543557760187,2513.727944313381,0.5000629808705145,0.6690842999917072,3139.0,609.3485999999999,0.19412188595093977,0.012487469426595326,0.009249081512892998,0.0004939258886502819,18.725646347810077,0.41605412175351164,0.022218411798755788,1777.4740754821119,1957.6896109638526,1.1013885591737027,0.6490482796828578,0.7800158533038815,Anxious,8
1,1,16.140386267920775,5.385671377307041,0.003125056788604708,0.004358310395819718,0.7170340119882496,1255.9601196782571,3752.0,1377.7543725610567,1269.6867186973184,0.3672053231772539,0.33474416835774445,3537.0,456.64079999999996,0.12910398642917725,0.0036723754823507083,0.004866747838527746,0.0003700564022261219,13.151367762457825,0.5462621688848177,0.041536529032682776,897.8040887733703,1729.266330096102,1.9261065434205378,0.7359141576084713,1.247457916265675,Anxious,9
2,2,17.670402717601846,5.2084442680915615,0.002818677632637651,0.004086511127208918,0.6897516108228009,1160.6826854469298,3467.0,847.4726697221132,1182.5337469510387,0.24443976628846645,0.33478012271327656,3422.0,378.063,0.1104801285797779,0.009520807233794849,0.05908885090613312,0.0005844936265945516,101.09408934089466,0.5527189210470105,0.031049007166668273,836.1776314510163,858.6191358878629,1.0268382023062539,0.3988805960597426,1.2039728043259361,Normal,9
3,3,17.183460211099266,6.663468062860449,0.002720313192196747,0.004298829136802246,0.6328032833192101,808.2028998170739,3513.535714285714,563.6805015185533,815.6355180572376,0.16043112902671805,0.23002552572071347,3440.0,249.0768,0.07240604651162791,0.0038370834540270016,0.02473285716359689,0.0032209053912202242,7.67885242174933,0.7779867562101457,0.10131549787395334,576.7414057948755,550.309700465262,0.9541706125760386,0.6305962346121552,1.2470322937863831,Anxious,9
4,4,17.267112468517464,8.117249434499984,0.003034078807241748,0.003993818021247304,0.7596938045500077,799.7817202212113,3486.9523809523807,539.8427989878605,820.0484966403544,0.15481794415569705,0.22936410734773768,3510.0,332.1024,0.09461606837606837,0.009520807233794849,0.060417271341553315,0.007116165800062105,8.490143855420856,0.5527189210470105,0.031049007166668273,579.8618528762283,496.60922949240734,0.8564267972261468,0.2717801144301357,1.466337068793427,Normal,9
5,5,16.82677364764323,5.750831417633925,0.0025299194755191716,0.004666204261757095,0.5421793246930238,1577.479857240656,3604.1728395061727,1129.8221628880744,1587.3798417597839,0.3134761325827197,0.4376815229140884,3458.0,278.7288,0.08060404858299594,0.015410621801810166,0.014770779947770832,0.00046319578222321764,31.888848117042393,0.4820027390616279,0.015115087797857163,1122.447050427172,1137.1494442216094,1.0130985188021495,0.6340279691587374,0.6211736809348558,Normal,9
6,6,16.9684659451292,5.560174388315153,0.00267304228604625,0.004487008048123351,0.59572932728842,1225.51729142389,3576.862068965517,945.693478924252,1236.3751357053716,0.2643919336810661,0.3426235811710593,3350.0,357.3066,0.10665868656716418,0.006076343908245581,0.011981703660595254,0.0011865085085460856,10.098287179817445,0.6226022368307164,0.06165424153068814,874.2492425477062,1012.1069973399409,1.157687016565773,0.4937345570280751,0.9837320126696876,Normal,9
7,7,16.449101745971554,6.063030773927486,0.002776433792269094,0.004575632933914279,0.6067868276081231,1102.0627055193147,3680.3519313304723,780.7655149938305,1104.4374336207568,0.2121442540174625,0.2994449243121463,3544.0,400.30199999999996,0.1129520316027088,0.0144435440954388,0.02638839440839227,0.001138602780727235,23.17611976280067,0.6287360991958667,0.02712861797534517,780.9551987095045,780.5757851840914,0.9995141673606371,1.0920244559527164,1.451772290499397,Anxious,9
8,8,13.773028245883674,6.6218185010405115,0.0032525051514146457,0.005619174163286546,0.5788226271157821,1766.4955420266422,4417.123595505618,1797.4691034152381,1776.6187166252985,0.406932037229872,0.3999198808527873,3504.0,527.8056,0.15062945205479453,0.0034472688815028905,0.0013593481156955166,4.066400578604244e-05,33.4287803038357,0.28043517899180426,0.008389034132951192,1256.2591421086897,2209.88762685642,1.7591017273291403,0.44845998160621736,0.38760749070815825,Anxious,9
1,1,15.542403397581483,1.0830192854624343,0.003521462238838573,0.00424467045711378,0.8296197017925953,703.9840775154995,3882.7727272727275,548.9471048198209,711.9406385845783,0.14138017941766146,0.1813096276716614,3891.0,418.09319999999997,0.10745134926754046,0.014801801831560062,0.039569705574697654,0.0034048396170926944,11.621606308870788,0.684877248447457,0.05893137577072193,503.4180533454363,590.9789432340363,1.1739327568940348,0.3955736819358475,2.0794415416798357,Anxious,10
2,2,13.876499990848439,0.9950685667147829,0.004060777688086804,0.004415219631138791,0.9197226927167453,719.625828700814,4278.818181818182,492.55201672258863,737.3298544652281,0.11511403284569814,0.16818331560772842,4278.0,515.9448,0.12060420757363254,0.009520807233794849,0.043041049799144394,0.0016312081698578562,26.38599450056396,0.5527189210470105,0.031049007166668273,521.3709400636529,461.93865524777345,0.8860076765908289,0.04879016416943216,1.466337068793427,Normal,10
3,3,14.768656940520643,0.9093359395510531,0.0037861215769856276,0.004388129430922681,0.8628099140160341,912.0874767353137,4093.191489361702,631.9385852898748,921.7408618614675,0.15438774045443454,0.2228303950855585,4056.0,421.05839999999995,0.10381124260355028,0.01328882522666799,0.05348324124876985,0.00466614575856108,11.461973975125611,0.7486643293029674,0.06531722467069752,651.7692139189764,611.4651608585532,0.9381620791536288,0.570446505819385,2.0794415416798357,Anxious,10
4,4,14.853992652944987,0.7676213640074118,0.0037013592970972595,0.0043601132496947975,0.8489135683244811,747.5729618795301,4034.6315789473683,681.9397342651259,769.1026262295576,0.16902156266844157,0.1852890275732614,3934.0,711.6479999999999,0.1808967971530249,0.009520807233794849,0.008972733494348866,0.00028273057486716854,31.735985747436064,0.5527189210470105,0.031049007166668273,543.8376824353029,796.4447108886967,1.4644897487099837,0.09888742120291028,1.3862943611198906,Normal,10
5,5,13.891571821562195,0.8357148943226075,0.0038044373838128404,0.0048539738631632676,0.7837778881927356,603.8178031442427,4336.0,481.44416586815635,608.3536214006856,0.1110341710950545,0.13925687341887516,4418.0,492.22319999999996,0.11141312811226799,0.012816195446170763,0.0188642310889825,0.00031709368053531843,59.49103450165217,0.5895529079073212,0.009909945470706989,430.17097105181836,527.7593252243918,1.2268594599351008,0.41222768752673833,2.268683541318364,Normal,10
6,6,13.399733354867726,0.7252765070238039,0.003932819886609273,0.0051181354696541535,0.7684087124944788,1910.9438505618107,4529.434782608696,1284.8078914275068,1932.4241017672362,0.2836574436087875,0.4218945502646615,4306.0,759.0912,0.17628685555039478,0.010684543762075744,0.018484718620185994,0.0006818783622909279,27.108527917035396,0.6192298906888222,0.02284262327279266,1366.4301864879358,1197.635662964049,0.8764704372070918,0.5535360660010458,2.0476928433652555,Normal,10
7,7,13.375516183804798,0.6953345673326803,0.004189685113517279,0.0048277389499415705,0.8678358869358473,1264.4135516632325,4514.831578947368,881.5514000642082,1267.741307144115,0.19525676310382806,0.2800577451347654,4463.0,618.2442,0.1385265964597804,0.018659369589048545,0.015774229774864677,0.0005641031343653102,27.963379059421023,0.45072186597507596,0.016118290461868384,896.4284750719014,866.4189119534482,0.9665231929228417,1.0543725757121316,1.8764533480773222,Anxious,10
8,8,11.420965159943272,1.1154239008901998,0.0051358123457284,0.0054681340073367,0.9392257649204614,1222.8730150587608,5313.783783783784,926.9178602947685,1231.2879318342518,0.1744365028783197,0.23013224941342833,5238.0,916.2467999999999,0.1749230240549828,0.007208821971946278,0.014709010470760812,0.0004137432403324555,35.55105929692451,0.6586642465149495,0.018527274841904078,870.652046193159,979.9583939772797,1.1255453866582545,0.5233820235086122,1.9694406464655074,Anxious,10
1,1,22.53963321977393,0.19065308713266885,0.002824413047983771,0.0026181547517585453,1.0787800247814563,1112.1027743177162,2714.8571428571427,958.1594395092799,1121.1811786349363,0.352931807859659,0.4096358356253428,2660.0,987.4115999999999,0.3712073684210526,0.005674161840302009,0.013860893157951314,0.0019414930173618668,7.139295909900169,0.645396697265935,0.0904006088851078,792.7948143514893,1098.9155588027963,1.3861285907901852,0.4969285179658751,2.3353749158170363,Anxious,11
2,2,24.87332920900788,0.11972097965199723,0.002278646033253199,0.0026082578202823057,0.8736276051907202,1136.435980089554,2463.2820512820513,1221.5611656857266,1149.484164104812,0.4959079554247339,0.46135032709635476,2045.9999999999998,1141.6019999999996,0.5579677419354837,0.009520807233794849,0.013615055470290937,0.006312452308257251,2.1568567658691427,0.5527189210470105,0.031049007166668273,812.8080473050627,1524.3905146841714,1.8754618876356153,0.34431554843018075,0.9694005571881031,Normal,11
3,3,31.24742352609226,0.11040011236138224,0.0018596147435832688,0.0021347970738108883,0.8710967268957402,1229.0512307609686,2006.6122448979593,862.7805640510145,1235.413173647583,0.4299687526799124,0.6125006133526653,1858.0,809.4996,0.43568331539289556,0.009906396090400383,0.04409287524906816,0.017378423972666347,2.5372194462754294,0.617740248634393,0.24347135189319918,873.5690326533997,851.8554740079896,0.9751438548829314,0.6630212838757576,1.1819938976071607,Anxious,11
4,4,25.669016265031736,0.09913387309661588,0.0019835181866195662,0.003027278630613782,0.6552149400986612,1264.2569246116755,2461.0344827586205,1000.8602900490379,1286.0227581157085,0.40668275762115874,0.5137095532259855,2430.0,1209.8016,0.49786074074074077,0.009520807233794849,0.05084900500246355,0.0055386937738705466,9.180685388737295,0.5527189210470105,0.031049007166668273,909.3554130238446,1084.672933744694,1.1927931787835,0.22620490862090747,1.252762968495368,Normal,11
5,5,24.152013306181917,0.10510718387756283,0.0025481910725793184,0.0026135614593895845,0.97498800474907,1401.075730836782,2585.6315789473683,1070.0449602923431,1407.3144640172327,0.4138427798472229,0.5418698248600333,2691.0,937.0032,0.34819888517279823,0.009166506297407936,0.027880520211431618,0.004025098390645865,6.9266679980356765,0.6788185485816178,0.09800073408659445,995.1216007684968,1140.0550134875198,1.14564392191577,0.6892910853390801,1.4122698475231512,Normal,11
6,6,21.16172699805961,0.17249299205527682,0.002593832805271022,0.0031634820404062764,0.8199296762683388,900.7152087779709,2877.472222222222,789.8907746247236,907.1160926991665,0.2745085664162223,0.3130230769290847,2930.0,351.3762,0.11992361774744027,0.008229300325149918,0.0335435766319905,0.0034765315631887796,9.648575317758175,0.7413042010686257,0.07683043109009655,641.4279404710255,914.562774694876,1.4258231002897643,0.6768936936945429,1.395511016224815,Normal,11
7,7,23.630446536073862,0.19147709769044047,0.0022145997328770336,0.0029445936583511532,0.7520900979312423,891.545449854704,2584.1801801801803,773.4750663600543,892.8854324079875,0.29931158527271273,0.34500127223812294,2740.0,498.1536,0.18180788321167882,0.008271001559594428,0.011218931935308334,0.003364294955132182,3.3347052160792323,0.4908908633619255,0.14720667391976813,631.3653440783708,893.2553715809277,1.4147994975632503,1.0258385164121444,1.261830079051132,Anxious,11
8,8,26.483497378045335,0.14393569127154987,0.002233560300749481,0.002376497431620105,0.9398538668846022,841.2536315015941,2301.4186046511627,873.2739160866652,843.6663287718703,0.37945027224590094,0.36553699088093844,2073.0,1063.0241999999998,0.5127950795947901,0.0024904921882751957,0.006464159672029431,0.0013115616153069256,4.928597784951734,0.6296537362471283,0.1277551473503522,596.5621821333488,1081.3548112821143,1.8126439182167273,0.895846274106459,1.4007524442951205,Anxious,11
1,1,15.369325068216183,0.9062272183430209,0.002515392220366139,0.005479783200496199,0.4590313390753065,1692.1365193151526,4000.6976744186045,1179.779388878715,1712.0005732574723,0.29489341232218075,0.42296035767338,3888.0,862.8732,0.2219324074074074,0.01328361521095496,0.02626418297758418,0.001995162904220419,13.163929081693974,0.6322174030623378,0.048026497190835835,1210.5672147456155,1148.1662908434091,0.9484531522561355,0.23306234689351424,1.6094379124341005,Anxious,12
2,2,15.26742296978714,1.5678143230360877,0.0021588769470090308,0.006110036478558635,0.3533329063721585,2180.383827761442,4137.913043478261,1410.186380752026,2231.4094336553435,0.3407965237390892,0.5269283827019834,3774.0,987.4115999999999,0.261635294117647,0.009520807233794849,0.061248833403997276,0.006993490937104085,8.757977089673563,0.5527189210470105,0.031049007166668273,1577.8447421413268,1219.6955466894046,0.7730136648515429,0.12644302953382214,1.3862943611198906,Normal,12
3,3,16.424815107708397,1.035555695972375,0.0023330606033057587,0.005033258388163634,0.4635288760045096,1258.2528485043183,3698.9056603773583,866.2222637173738,1270.5248823306915,0.23418338915651143,0.34016894834131906,3486.0,667.17,0.19138554216867468,0.0076261966263840505,0.03305372340409382,0.001994556935767032,16.571962831124996,0.7745548569989269,0.046738872449326264,898.3967599622723,832.8056688139162,0.9269909531384435,0.3296379195271788,2.1972245773362196,Anxious,12
4,4,17.257968814498007,0.930109687400226,0.002004433015576163,0.005198039775924917,0.3856132507603797,997.4022257845628,3605.1428571428573,802.0791909602372,1020.3380244852812,0.22248194391827786,0.27666094390917495,3656.0,750.1956,0.20519573304157548,0.009520807233794849,0.03984394862183114,0.0009031489251326682,44.11669826875812,0.5527189210470105,0.031049007166668273,721.4879362160278,875.2812205443425,1.2131612693829796,0.018021423668444392,1.466337068793427,Normal,12
5,5,16.267465146572093,1.4635226497169445,0.002395666132431863,0.00503593264618157,0.47571449039302494,1092.0950226338084,3722.278481012658,863.2543514516606,1099.0808017268832,0.2319155742524695,0.2933942283481972,3562.0,705.7176000000006,0.1981239752947784,0.009520807233794849,0.009734735331101207,0.0002909759754469237,33.4554607683647,0.4980291150574579,0.014886332563334218,777.1674879730264,941.5024409092895,1.2114537155496226,0.6311005970086057,1.8562979903656263,Normal,12
6,6,17.02724496955346,1.9265414707042394,0.002330869551177369,0.004834114786510474,0.482170915279386,1165.5460884111474,3574.2413793103447,1004.313579155065,1175.9066997070984,0.28098650107085066,0.32609607598355356,3320.0,781.3302,0.235340421686747,0.016891958717682898,0.015745699890036793,0.000547198062887031,28.775138214053747,0.4744844929218407,0.016489390577109478,831.4916014055825,1151.4830642881786,1.3848402826218225,0.46167636259480727,1.637608789400797,Normal,12
7,7,17.898109992823734,1.1368026163304001,0.0023387034654418215,0.004399445501647806,0.5315905071595645,829.2233901850813,3374.472440944882,597.2765572151325,830.8543008941223,0.17699849907438858,0.24573423096408262,3327.0,489.258,0.14705680793507664,0.01619316091404411,0.023231709414155515,0.0026956400941195845,8.618253402905836,0.5515533686848505,0.06399827701734577,587.5027103402421,606.893019353817,1.0330046290379584,1.0117453287272253,1.5927476779937215,Anxious,12
8,8,13.454767443273827,3.322754612802596,0.0030288333259848167,0.005989075399922455,0.5057263640434437,1440.8472762799042,4512.931818181818,920.5730323779227,1449.130317959095,0.20398558397649483,0.31927078323562985,4490.0,960.7248,0.21396988864142538,0.012325033486837082,0.036093170065422016,0.0011179106096439995,32.28627562351872,0.7286233624917698,0.0225675878812423,1024.689874651894,803.0691605763814,0.7837192310006955,0.4784371993793819,1.540445040947149,Anxious,12
1,1,21.391424045876654,1.99184364943439,0.0024025434306621505,0.003209262275341105,0.7486279476509254,377.34612540829903,2809.8709677419356,314.4716872695062,380.4618476093743,0.11191677158123083,0.13429304396548195,2847.0,306.8982,0.10779704952581665,0.014457776212802458,0.028338546104914007,0.007815409993418173,3.6259832982248663,0.5599204929541504,0.15441893878227864,269.0271524273514,354.13172047289254,1.3163419278599506,0.4567012167301767,3.2188758248682006,Anxious,13
2,2,21.340580679888483,1.78154236024142,0.002193415740000518,0.0033904684943130165,0.6469358861996894,224.39775609657167,2795.885714285714,177.35901964303787,227.6670176919387,0.06343571868364051,0.08025998879353345,2812.0,136.39919999999998,0.048506116642958744,0.009520807233794849,0.05356998655511741,0.00512468106393841,10.453330829128303,0.5527189210470105,0.031049007166668273,160.98489206248755,192.34424406544696,1.1947968632409744,0.22894131304002352,2.0794415416798357,Normal,13
3,3,19.60090477316094,1.535163923012566,0.0023092108253618742,0.0037613713269831,0.6139279067706493,593.7828428947143,3039.4285714285716,401.929287404803,598.5598757914336,0.13223843823245068,0.195360025393072,3000.0,195.70319999999998,0.0652344,0.001322624963513178,0.035884552859937115,0.004126483530980516,8.696158021842486,0.8681677761917026,0.0998334866973543,423.2457471183003,379.41710780318965,0.8964463562516076,0.5525268259969747,1.85238409104449,Anxious,13
4,4,18.87311287671672,1.673328718587588,0.002420896213754471,0.0039060144984002956,0.6197867966813606,488.4413056764437,3175.0434782608695,410.73542449222265,499.91566388309036,0.12936371653001835,0.15383767467146228,3070.0,320.2416,0.10431322475570033,0.009520807233794849,0.032299513677983845,0.0016167862682837206,19.977602674886022,0.5527189210470105,0.031049007166668273,353.493755953108,460.9222736728799,1.3039049938240568,0.09493633950836955,1.0986122886681096,Normal,13
5,5,19.769226376651858,2.112346102216511,0.0024387919330453815,0.003638663678043446,0.6702438446734241,443.9780869217158,3040.041237113402,398.69516126374083,446.2224245743175,0.1311479450990317,0.1460434422735938,2978.0,263.9028,0.08861746138347885,0.014784313463638187,0.018279533144634957,0.0014123126446999711,12.94297917195114,0.5302079332708323,0.04096490662828626,315.5269023340026,467.28838754429734,1.4809779581002156,0.6325646150224564,1.7346010553881064,Normal,13
6,6,19.7223995916106,1.8705097183299377,0.002324949573668599,0.0037718618392014406,0.6163930898807326,531.8006022909478,3052.8529411764707,430.9341905191378,535.7853583747471,0.1411578608018602,0.17419791013123911,2957.0,169.0164,0.05715806560703416,0.016942209815483427,0.01674420862136252,0.0022916437201144567,7.306636923703929,0.4654005140219356,0.06369558510730156,378.8574601672483,477.36315106257524,1.2600072619708773,0.6496283766285784,1.4445632692438666,Normal,13
7,7,19.326237233679073,2.0789799405816423,0.00252752760346362,0.0037130122512412486,0.6807215900294095,928.6447231841735,3125.869090909091,698.90141971461,930.3435121575365,0.2235862729335699,0.29708368974405686,3002.0,290.58959999999996,0.09679866755496334,0.016071276642796256,0.012863022501348879,0.001164966846046216,11.04153525484843,0.42735336155840603,0.03870416130499167,657.8522062795032,737.6698879928507,1.121330719805225,1.213997640765231,1.5036181545179157,Anxious,13
8,8,14.549117466478057,2.7385836619596695,0.003351500628470889,0.0050896776223011584,0.6584897663824137,959.554429564422,4209.260869565217,2024.0382378656022,964.8632469038736,0.4808535989062301,0.22796268972123276,3413.0,1040.7852,0.30494731907412836,0.001689937859211016,0.00032593415485635804,1.6058551728951098e-05,20.296609579601686,0.16040614789837693,0.007903100627189817,682.2613448033991,2779.924645394411,4.074574452397675,0.654025368447412,0.727137380788497,Anxious,13
1,1,17.076789899300515,0.49236570872437585,0.0037659203455697875,0.003290731272224569,1.144402272332613,915.7626748212359,3515.5416666666665,574.8272990723956,925.5620349177229,0.1635103075360304,0.2604897798550444,3482.0,612.3138,0.17585117748420448,0.009267564687659057,0.04795211110178093,0.004732824821633334,10.131816179334583,0.7740141338735571,0.07639441144345664,654.471191299142,482.20359525537816,0.7367835309881123,0.29501589615557844,1.2809338454620642,Anxious,14
2,2,17.852959595203053,0.40077348908917854,0.0035712150029004893,0.003283652543311568,1.0875739609462194,1529.6591728830267,3373.9285714285716,980.3732444394321,1558.745335179233,0.2905732067778565,0.4533762764975627,3298.0,1002.2375999999999,0.30389254093389934,0.009520807233794849,0.06661546794252059,0.006941082410463021,9.597273739626562,0.5527189210470105,0.031049007166668273,1102.1993966481336,841.082568392597,0.7630947457877301,0.1569817228329966,1.466337068793427,Normal,14
3,3,15.870801005057364,0.3767380300658809,0.0031765026741208922,0.004460750940443249,0.7121004325350777,1191.4492351753809,3822.5882352941176,942.7739745340999,1203.346944050261,0.24663236438322816,0.3116865228053286,3840.0,729.4391999999999,0.18995812499999998,0.007647278040698995,0.012929018620333018,0.0006051319260019114,21.365619734781898,0.6103940802296702,0.02856898549195775,850.8947842580486,1026.4616896115006,1.2063320972246179,0.49737074914725143,2.4849066497880004,Anxious,14
4,4,15.978834807986058,0.3157780808508193,0.00419450894828437,0.0033775614130783977,1.241874961042199,1102.4610852290634,3870.842105263158,903.6140562060217,1134.3862237241617,0.2334412077871592,0.28481169090572167,3878.0,640.4832,0.1651581227436823,0.009520807233794849,0.039069585807401386,0.0024413910344751643,16.003002081884983,0.5527189210470105,0.031049007166668273,802.1321912799548,994.7967997830596,1.2401905952629475,0.0006547715319813463,0.6931471805599453,Normal,14
5,5,18.684646874028214,0.2528057130967773,0.003052611465397075,0.0036206535949888335,0.8431106111951838,1830.3489397869769,3330.5454545454545,1398.3723124929631,1840.9585447638847,0.4198628517693688,0.5495643175471325,3441.0,1278.0012,0.37140401046207494,0.014822720676725909,0.02145814453760374,0.002799250016426343,7.6656763103276635,0.5490808921851954,0.07162849955527607,1301.7542708858612,1488.7330408519367,1.1436359950168122,0.5757155640864489,1.4733057381095205,Normal,14
6,6,19.209411699334225,0.2600161045198266,0.0033548010298311243,0.0030644040464838504,1.0947645868306695,1640.8435306462015,3220.6875,1111.6032305024542,1654.0228072806638,0.3451447029562645,0.5094699596425302,3314.0,1160.8758,0.3502944477972239,0.009303504583701426,0.019296081466287227,0.0057945734980542505,3.3300261827322792,0.561027852398423,0.16847550788267404,1169.5707432653674,1050.44169787032,0.8981429331393442,0.3549834181890148,2.159484249353372,Normal,14
7,7,17.041180600782106,0.2938489643710164,0.0027940406707271555,0.004532606261168693,0.6164313663562597,1710.1013899615712,3667.7179487179487,1287.2365072841294,1713.7815309166783,0.3509638759801808,0.466257605920689,3839.0,727.9566,0.18962141182599634,0.014294228930813536,0.019475540918329818,0.0014992180067728142,12.990466249970186,0.5522001651392132,0.042508109756297666,1211.826541983446,1358.4668135492057,1.1210076413458872,0.8256949220708036,1.1555992200417202,Anxious,14
8,8,15.090488302211838,0.3750366504548737,0.002475470710686884,0.005574319538264359,0.4440848239312912,1586.1476280196432,4040.4210526315787,1334.1760353000998,1594.6421205288132,0.3302071783907604,0.3925698850090301,3988.0,530.7708,0.13309197592778335,0.009520807233794849,0.01699293923982033,0.0009976390767593513,16.602409386322957,0.5527189210470105,0.031049007166668273,1127.5822569916197,1512.8151374361214,1.341645035699923,0.7051107130531786,1.1578551222309705,Anxious,14
1,1,7.134611285055477,1.460273532478189,0.004433650382390707,0.012631543540267498,0.3509983058093323,3161.7195040392535,8288.21052631579,2511.8986085992883,3241.5567792252505,0.3030688712145754,0.3814719104926834,7712.0,2384.0208,0.30913132780082986,0.008684583084863633,0.0025142076947454323,1.0609720844822765e-05,236.97208734500234,0.22429457263514027,0.0009465020760381573,2292.126780191399,2713.9314772660514,1.1840232838427158,0.09687429295115058,1.466337068793427,Anxious,15
2,2,7.746258914226418,2.335573356090534,0.004295471392584468,0.011424564132608743,0.3759855818327502,1526.7711622303393,7862.0,1363.3386826597284,1584.49640981836,0.17340863427368716,0.19419628112825482,7756.0,1962.9624,0.25308953068592055,0.009520807233794849,0.006964304260957902,1.167375162011492e-05,596.5780742634425,0.5527189210470105,0.031049007166668273,1120.4081561483013,1569.0985599729202,1.4004704904747485,0.09531017980432521,1.466337068793427,Normal,15
3,3,7.887360987177681,1.16239314241097,0.004075425781301598,0.011188593016091073,0.3642482817491397,1659.721161319977,7639.68,1111.555018881207,1691.7804016881835,0.14549758875780228,0.21725008918174282,7640.0,1218.6971999999998,0.1595153403141361,0.006527223232997502,0.01912051145742262,2.6404681672702663e-05,724.1333826489389,0.7447381655256635,0.001028454402697678,1196.2693943122158,1019.8277581199116,0.8525067706060073,0.015202650627866188,1.466337068793427,Anxious,15
4,4,7.904083212711487,1.4358437412911327,0.004237710070391438,0.01072072290477963,0.39528211931511964,1081.5407990455099,7513.555555555556,831.6235793781811,1136.3251232434693,0.11068309447226687,0.1439452721216407,7504.0,1028.9243999999999,0.13711679104477612,0.009520807233794849,0.011314638047667606,1.815718066131177e-05,623.149499843671,0.5527189210470105,0.031049007166668273,803.5032002780965,858.823708742611,1.0688491451500974,0.2130421976554504,1.466337068793427,Normal,15
5,5,7.715594302625281,1.133245346268611,0.00414529107231273,0.01153813175191097,0.3592688280428223,2262.5998074977574,7850.540540540541,1655.5039278888032,2294.6713504005766,0.21087769935582235,0.28820942912320385,7944.0,1805.8067999999998,0.22731706948640482,0.014631382298875485,0.013919893755008675,2.9781212272205945e-05,467.40520929027997,0.48703214948915174,0.0010419912739711946,1622.57767246274,1687.787962789138,1.0401893181652266,0.11787066114518696,1.466337068793427,Normal,15
6,6,7.928531930794329,1.5787874750668554,0.0033767727480653697,0.011992113669323885,0.2815827835841179,3530.790800939642,7684.2307692307695,2694.267830898663,3601.0515075460944,0.3506229721375706,0.45948526364898484,6798.0,1718.3334,0.2527704324801412,0.010874098322772132,0.0044674427006901885,2.349077796864941e-05,190.1785758927354,0.2907538857338472,0.0015288466872201121,2546.3279403878832,2834.496835283252,1.1131703777524713,0.3038024660479408,1.0986122886681098,Normal,15
7,7,9.922798231167935,1.08536199332536,0.0036979228655817185,0.008556336399051224,0.4321853060840111,2228.356312413359,6131.208633093525,1819.2018574599683,2236.199697539082,0.2967117849555354,0.36344486801275805,5776.0,1396.6091999999999,0.24179522160664818,0.010323290595009381,0.005047881788981984,4.015422165160447e-05,125.7123555470607,0.3275436254224646,0.002605500660592172,1581.2319702171915,2029.457132519595,1.2834657853779905,0.7671772833605739,1.80280930541464,Anxious,15
8,8,8.875572736303184,1.8758696631897662,0.0038640871170457424,0.009641268545325772,0.4007861723672357,1618.6037734537124,6777.6551724137935,1782.9965369954282,1631.2499428168112,0.2630698215885232,0.23881471279945082,6520.0,1785.0503999999999,0.273780736196319,0.0045175113585233925,0.001850872434207771,1.5934745153691396e-05,116.15324979194935,0.28990916152203317,0.0024959195032537686,1153.467896375935,2242.2455516525065,1.9439167389897778,0.5000931445964363,2.2335922215070942,Anxious,15
1,1,12.635432286024807,0.5135688313296259,0.0062165706428482185,0.004531445433092046,1.3718736625294243,5767.698853487076,5318.25,3937.7233884404536,5861.004566542519,0.7404171275213564,1.0845106667582525,4771.0,2683.506,0.5624619576608677,0.006585540750833108,0.007547886215034551,0.00045289068115779316,16.666022351660548,0.5174634474365619,0.031049007166668273,4144.356073567536,3719.629511554317,0.897516874883869,0.3287630134549291,1.466337068793427,Anxious,16
2,2,23.358274337349552,0.13743041292210392,0.0032146103961696207,0.0024892624093416004,1.291390728476823,4379.377467174986,2855.878787878788,3344.783884625206,4448.60141668324,1.1711925235838017,1.5334605536349746,1614.0,1547.8344,0.9590052044609665,0.009520807233794849,0.016610646363479854,0.0015300400909943608,10.856347138384281,0.5527189210470105,0.031049007166668273,3145.6362285328014,3532.722914047874,1.1230551333316818,0.527336892422861,1.0245043165143881,Normal,16
3,3,27.987057186507567,0.14386546437680184,0.002879836318171399,0.0018624766442206988,1.5462402318480541,3404.881775104537,2375.132530120482,2618.6129672911707,3425.708941764996,1.1025123583980965,1.4335544361946908,1426.0,1278.0012,0.8962140252454417,0.007460552870114674,0.011865814025810245,0.0011999515495880002,9.888577609557933,0.5780780444047007,0.05845917049242268,2422.3420230934203,2801.1652696844963,1.1563871835519348,0.735558469701195,1.0835176624456246,Anxious,16
4,4,41.873130480904486,0.03136283599215102,0.0017392118410001977,0.0014182035031212936,1.226348572100128,2066.8989794627964,1589.3617021276596,1416.0118586081046,2089.7018278856435,0.8909311560184862,1.300458527908319,1140.0,747.2303999999999,0.6554652631578947,0.009520807233794849,0.026835264849966785,0.013714256290078308,1.9567422601968565,0.5527189210470105,0.031049007166668273,1477.6423331558622,1351.5740093325476,0.9146827882535923,0.5581984600118295,1.8562979903656258,Normal,16
5,5,29.57333207181925,0.01670615717907462,0.0022523589174001124,0.002342806474148988,0.9613935005955921,2401.1666586962774,2303.109375,1792.2565165214994,2410.578100508811,0.7781899270509024,1.04257604296204,1584.0,1358.0616,0.8573621212121212,0.0056218635973636424,0.011906459115778534,0.0018548743448999138,6.419011157556868,0.6142670417127366,0.09569496401164257,1704.5361214495672,1875.8793811706619,1.1005219294357818,0.8177305514170623,1.6629786793621302,Normal,16
6,6,26.812076988382017,0.07785553576647763,0.002677596808635967,0.00235014275816239,1.1393336848735174,3041.709604329968,2530.746987951807,2302.210638809606,3060.1412882422305,0.9096960896406475,1.2019018964798591,1902.0,1461.8436,0.768582334384858,0.002560987593591284,0.006374626104513323,0.0006804588770139958,9.368128361388411,0.6629136848454681,0.07076266029591641,2163.8466563050188,2432.717677597188,1.124256042131605,0.9044778444130692,1.5163474893680886,Normal,16
7,7,29.679584880222674,0.049637832531583465,0.002166550481344722,0.0022986615833215426,0.9425269457081537,2282.501339656835,2233.75,1814.7794347707495,2285.477993272098,0.8124362326897592,1.0218248862481636,1711.0,1203.8712,0.7036067796610169,0.010413143144239918,0.008810799778711725,0.0013873061640396734,6.3510132133023225,0.42747529475409696,0.06730820428128563,1616.076987295323,1993.7763076303606,1.233713692667054,1.2458757703095715,1.5392604406111885,Anxious,16
8,8,30.28865688738166,0.013256593526720789,0.002137379670855572,0.00203671606593327,1.049424466476222,1588.8813606995263,2091.8709677419356,1194.1969164055702,1593.1921428362932,0.5708750371418189,0.7595503667296649,1882.0,1039.3026,0.5522330499468651,0.01749000393637175,0.05097908020402831,0.011429398942271777,4.460346555537714,0.6380481610806014,0.14304901046050714,1126.5569679326695,1258.2058449663532,1.1168594938214895,0.9319366844995285,1.9242486522741338,Anxious,16
1,1,13.798807995470831,7.519578404239765,0.0036517414970624633,0.005134622450546496,0.7111996124805233,1077.8675340934208,4379.538461538462,690.1727413883176,1092.3325441060654,0.15759029118010554,0.24611441218278127,4436.0,581.1791999999999,0.1310142470694319,0.014673562202508109,0.03047230514015205,0.0015221242191585758,20.019591539642555,0.6529594293722053,0.03261602156463697,772.3957492481524,596.7257598380654,0.7725647900301321,0.26729676632442123,2.1972245773362196,Anxious,17
2,2,12.671367301103764,8.558943642442818,0.0036029299293203663,0.005852318228651085,0.615641492576663,762.5540187940442,4751.0,662.9740012366921,779.9599629850554,0.13954409624009514,0.16050389787287817,4784.0,727.9566,0.15216484113712375,0.009520807233794849,0.016148745212756797,0.00034425154918654597,46.909724156407435,0.5527189210470105,0.031049007166668273,551.5149788807413,758.2217885960243,1.374798178890407,0.18830724576807567,1.3862943611198906,Normal,17
3,3,13.313817531625553,9.167232596759613,0.003400592488953964,0.005689452818057597,0.5977011494252871,1273.6378089129903,4547.9047619047615,961.1134754334151,1287.5380988916643,0.21133104709758255,0.28004935802120073,4487.0,723.5088,0.1612455538221529,0.01241732730347341,0.02068118789013872,0.0009032753284767228,22.895774121291822,0.6082382007707341,0.02656552242123605,910.4269207623314,1009.2576713954743,1.1085542929139096,0.3203556313147997,2.0794415416798357,Anxious,17
4,4,14.74661238531952,9.7589126150974,0.0031714157077672982,0.005211194179222378,0.6085775349558249,1159.4829666709209,4154.235294117647,926.4083555195682,1190.7930620669013,0.22300334235553596,0.27910864084004494,4248.0,652.3439999999999,0.15356497175141243,0.009520807233794849,0.02350241481506949,0.0019401939527645179,12.11343576325536,0.5527189210470105,0.031049007166668273,842.0178491773993,1003.7284612979787,1.1920512876046048,0.06453852113757108,1.466337068793427,Normal,17
5,5,13.373106289214263,8.902582501682527,0.0031901426945635967,0.005813946843464888,0.5487051705932686,941.8516669306266,4515.815384615385,702.3811040913724,949.1597281196284,0.15553804668017773,0.20856735422341557,4444.0,510.01439999999997,0.11476471647164715,0.011072325910353507,0.023114037173182857,0.0004375557014207389,52.82535937283371,0.6675742661233687,0.012637382386965445,671.157280182569,732.2747681213434,1.0910628398788271,0.5211457573525662,3.401197381662155,Normal,17
6,6,12.40127622138263,10.429787188246394,0.003164982380785373,0.0066091789253155024,0.4788767888644029,999.382101783824,4896.142857142857,992.5263545417474,1010.0976142155283,0.20271597122493604,0.20411620554041865,4859.0,951.8291999999999,0.19588993620086437,0.0032552204310093346,0.0057953576468367145,9.352087234029798e-05,61.96860125244475,0.6337811607691112,0.010227456291731414,714.2468726721532,1208.3329565140189,1.6917581339815768,0.3402233849673606,1.466337068793427,Normal,17
7,7,14.611755406546825,10.40396238350515,0.0030758917520244083,0.005204456519749601,0.5910111344675807,1186.252179348771,4145.594202898551,920.9384352494083,1189.1404740060157,0.2221487174517706,0.2861476838517763,4059.9999999999995,676.0656000000006,0.16651862068965534,0.00903021630997448,0.00767262189663711,0.00019961815412572706,38.43649356563333,0.4539353176180847,0.011810008549373904,840.8492929530391,994.5992507435501,1.1828507903604764,0.9855042955087754,1.7986799120726287,Anxious,17
8,8,10.049343679652827,11.564043012682282,0.005233749245669301,0.006953203996789207,0.7527104408393739,2312.337441733893,6121.65625,1569.4270941237894,2330.599112073579,0.2563729536632818,0.3777306904048872,5877.0,1279.4838,0.21771036242981112,0.011231745726711,0.016074794355621813,0.0001430793132444857,112.3488363978525,0.5856108284769804,0.005212433410553544,1647.982436374574,1486.726840055229,0.9021496875451573,0.3590779670667197,2.11021320034659,Anxious,17
1,1,14.624410965640886,0.29543264938797503,0.003930520855485915,0.0044833680205346015,0.8766893187183048,3166.957530501475,4227.951219512195,2137.2263093928486,3207.3025650209156,0.5054992828511,0.7490525235688189,3868.0,560.4227999999999,0.14488697001034126,0.004354898537701645,0.011515209812267621,0.0008219077474756432,14.010343432866678,0.6898633301719787,0.04923957313948761,2267.905393043297,1998.018449195873,0.8809972652848348,0.6537033280170768,0.922721622204445,Anxious,18
2,2,17.10967776888094,0.1555215467981558,0.0033062890159397153,0.0037777906047164037,0.8751911796836914,938.2060623256574,3540.740740740741,627.780252623516,956.7640493631886,0.177301954192834,0.2649745155103844,3438.0,593.04,0.1724956369982548,0.009520807233794849,0.041105671069604874,0.002052640505335462,20.025752664803328,0.5527189210470105,0.031049007166668273,676.5343473002114,574.9063994174776,0.8497815398607744,0.1675207640653409,1.466337068793427,Normal,18
3,3,16.117114981831786,0.28429207438450915,0.0028773875550867955,0.004606815764261796,0.6245935809737928,674.1411384196962,3740.846153846154,439.45426872274487,680.7006932018581,0.11747456341419431,0.18021086959873436,3737.0,317.27639999999997,0.0849013647310677,0.005342815824710962,0.025675239049910335,0.0019018318111169716,13.500267952101884,0.7799309668047401,0.057771517541124875,481.32807612141755,393.1455096202166,0.8167932209320022,0.34359576197092556,1.9459101490553135,Anxious,18
4,4,17.495324609857928,0.35602177956144554,0.002722434348944128,0.0041797449284397,0.6513398294762484,712.8204542519807,3475.1428571428573,544.0597656245393,729.6154646906748,0.15655752525576647,0.2051197558071144,3578.0,290.58959999999996,0.0812156512017887,0.009520807233794849,0.06181912519728029,0.007871621978077916,7.853416407627748,0.5527189210470105,0.031049007166668273,515.9160427413501,570.8175662897582,1.1064156161081669,0.15665085978043392,1.466337068793427,Normal,18
5,5,12.656273545070247,0.6575616077039814,0.004346829271577591,0.005344569323699152,0.8133170342281214,3213.650746214353,4849.666666666667,2976.1815865565377,3240.8863201705867,0.6136878658099947,0.6626539445077365,3726.0,462.5712,0.12414685990338163,0.0020342397796292064,0.0011614343010393536,1.6996591687347746e-05,68.33336485360914,0.36151676268381827,0.005290486769651944,2291.652694047338,3530.388307563625,1.5405424725718488,0.5471684610515766,0.5913644862500032,Normal,18
6,6,16.48617912856127,0.21954827009648895,0.0024270405489833368,0.004951696058314681,0.49014328028230886,3119.1598227727927,3693.3333333333335,2251.5778700195788,3147.334846146218,0.6096329972977198,0.8445378581514782,3340.0,260.9376,0.07812502994011976,0.009539785390501886,0.0031115043276977086,7.540315871961355e-05,41.264906941999996,0.2444864787568379,0.00592480383150934,2225.50181237471,2277.3553724969424,1.0232997159714297,0.45402341856114803,0.3601453975597182,Normal,18
7,7,16.85126181064208,0.4744726854589111,0.0028155583998380135,0.004332576719048838,0.6498577134154322,1305.8615777528053,3578.1666666666665,1071.3460999274917,1308.6017776873014,0.29941201730704503,0.36495269768116034,3396.0,379.5456,0.1117625441696113,0.01394290756265521,0.003958857879997953,0.0002566040182448854,15.42788732255895,0.21801835723867694,0.01413144604186254,925.3211908754618,1199.7273129242792,1.2965522942246652,1.0208199614494147,1.1522333801072073,Anxious,18
8,8,15.225493374007293,0.8497544557528861,0.00348995684372361,0.004586390278890165,0.7609376070298415,2315.5152796535976,4048.2244897959185,2004.2243815913428,2325.0253823024204,0.49508726273536796,0.5719829237459924,3431.0,539.6664,0.15729128533955114,0.015451347198311672,0.0042500336082446424,0.00019214783858434884,22.118560581044306,0.213639002112518,0.009658811265304825,1644.0412142568866,2308.8870109546597,1.4043972808785612,0.6985854136994276,0.8260656402814296,Anxious,18
1,1,21.457103825725476,1.550127222989401,0.002788805884524349,0.0028331934857031026,0.9843330145283959,597.7930522625145,2820.1967213114754,448.17819445960447,602.8144124182907,0.15891735178359767,0.211968565080993,2584.0,305.4156,0.11819489164086687,0.008612027858131182,0.01983226366942883,0.005123605357595124,3.870763317090748,0.5908104322794,0.1526340889071593,426.25415881795743,469.0786501947595,1.1004670347277277,0.5515159778335406,1.1130010261202092,Anxious,19
2,2,21.12606425105606,1.5645103977203851,0.0029026468746249194,0.0028152333439891253,1.0310501901458482,719.3291487507122,2862.8823529411766,690.2152832666791,730.4715838747493,0.24109103978987742,0.2512604641303932,2557.0,386.9586,0.15133304653891277,0.009520807233794849,0.02665952742384381,0.0016057625615355498,16.602409386322957,0.5527189210470105,0.031049007166668273,516.5214104219132,828.2511135432065,1.603517486074123,0.4985680413515219,1.1895840668738364,Normal,19
3,3,20.728799232202277,1.8421845257827987,0.002966119513041969,0.002911372691387055,1.0188044704193577,1135.388459447318,2945.212121212121,735.9016555356066,1144.1529769289527,0.24986371957234152,0.3855031192048882,2941.0,621.2094,0.21122386943216592,0.008566108370975135,0.03463805221604921,0.004463406205770159,7.760452582440326,0.726658702060814,0.09363612422618672,809.0383287012379,654.6445416654757,0.8091638163996346,0.647145867333307,1.0647107369924282,Anxious,19
4,4,22.333455685550547,1.9949351474349513,0.0028140730928076043,0.0025782098236317827,1.0914833490330798,666.5329353048909,2690.740740740741,369.0491516766789,679.4028146949234,0.1371552249865152,0.24771354787655958,2498.0,370.65,0.14837870296236988,0.009520807233794849,0.023081201853107462,0.04156454681142383,0.5553098403267973,0.5527189210470105,0.031049007166668273,480.4103374280077,203.96190918615275,0.424557702646683,0.33667433591662776,1.2992829841302609,Normal,19
5,5,19.376090402124497,2.013000953634842,0.0028795141275096267,0.003352022572542573,0.8590378093204368,882.3343427936591,3117.574468085106,601.4446316432709,887.0893567627336,0.19292069453362362,0.28301949218092337,3112.0,309.86339999999996,0.09957050128534703,0.01117719994463325,0.018935947315904384,0.001826592829008358,10.366813564128877,0.5928647904715479,0.0571887192534234,627.2668996853414,574.4628155278281,0.9158187939073437,0.7832802840083009,1.064710736992428,Normal,19
6,6,22.17257074821512,1.9153888652820976,0.002738883103834434,0.0027084412568445584,1.0112396186968964,676.6272393664266,2727.6363636363635,453.1472082497007,681.1164560239803,0.16613182544816385,0.24806357929045103,2598.0,382.51079999999996,0.1472327944572748,0.004034401130456866,0.026763917819864858,0.006264087525732146,4.272596401298958,0.7221311394649212,0.16901459244907346,481.62206483230534,422.7587626006845,0.877781134773972,0.6541889560547944,1.3244189574018033,Normal,19
7,7,20.776273465309107,2.899365230305531,0.0029962246388721358,0.002850047428965582,1.051289395545115,1156.8978714352909,2927.3242320819113,962.9612116790927,1158.8780849833317,0.32895611669030433,0.39520660497949206,2582.0,338.0328,0.13091897753679319,0.009505445927651268,0.005437747234300859,0.0005844859858833919,9.303468972112736,0.350197037337602,0.037641554820822425,819.450552460194,1087.6991231354448,1.3273517479119417,0.896125151574068,0.921388825593587,Anxious,19
8,8,20.113906047299544,2.9984389878035995,0.003284169092601185,0.0028011743112150646,1.172425821360832,1452.217134126699,3051.7076923076925,1197.127831802771,1457.860232784108,0.39228129051164345,0.4758703259120262,2822.0,719.0609999999999,0.25480545712260805,0.013157217232106755,0.00979407984373217,0.001987836337729881,4.927005135099329,0.39271933315868296,0.07970751448197255,1030.8628566238413,1342.9638350257019,1.3027570315454147,0.7431967539941904,1.0116009116784799,Anxious,19
